{"cameraMode":{"drawMode":0,"name":"Shaded","section":"Shading Mode"},"sceneLighting":false,"audioPlay":false,"sceneViewState":{"showFog":true,"showMaterialUpdate":false,"showSkybox":false,"showFlares":true,"showImageEffects":true,"showParticleSystems":true},"in2DMode":false,"pivot":{"x":-0.0730905532836914,"y":0.5074992179870606,"z":-0.21767807006835938},"rotation":{"x":-0.03966265916824341,"y":-0.9398485422134399,"z":0.11704415082931519,"w":-0.3184627592563629},"size":22.751079559326173,"orthographic":false}